<form>
<view>
<name>miabisv3_data_describing_biobank</name>
<caption><![CDATA[MIABISv3_Data_describing_Biobank]]></caption>
<row>
<label>
<name>MIABISv3</name>
<udn>MIABISv3</udn>
<note><![CDATA[<hr style="width:100%;text-align:left;margin-left:0">
<h1>MIABIS v3 Section - Biobank</h1>
To fill in the MIABIS guidelines use the <a href="https://github.com/BBMRI-ERIC/miabis/tree/master/Core/V3/Data-describing-Biobank.md" target="_blank">MIABISv3 Github link</a>]]></note>
<phi>false</phi>
<mandatory>false</mandatory>
<toolTip><![CDATA[]]></toolTip>
</label>
</row>
<row>
<textField>
<name>id_miabis_biobank_01</name>
<udn>id_miabis_biobank_01</udn>
<caption><![CDATA[ID (MIABIS-BIOBANK-01)]]></caption>
<phi>false</phi>
<mandatory>false</mandatory>
<toolTip><![CDATA[ID of the biobank. The ID is technical and given by the implementation. Implementation will provide instructions on how to form the ID.]]></toolTip>
<showLabel>true</showLabel>
<showInGrid>false</showInGrid>
<hidden>false</hidden>
<width>0</width>
<defaultValue><![CDATA[]]></defaultValue>
<url>false</url>
<password>false</password>
</textField>
<textField>
<name>acronym_miabis_biobank_02</name>
<udn>acronym_miabis_biobank_02</udn>
<caption><![CDATA[Acronym (MIABIS-BIOBANK-02)]]></caption>
<phi>false</phi>
<mandatory>false</mandatory>
<toolTip><![CDATA[Short name in use for the biobank. If applicable.]]></toolTip>
<showLabel>true</showLabel>
<showInGrid>false</showInGrid>
<hidden>false</hidden>
<width>0</width>
<defaultValue><![CDATA[]]></defaultValue>
<url>false</url>
<password>false</password>
</textField>
<textField>
<name>name_miabis_biobank_03</name>
<udn>name_miabis_biobank_03</udn>
<caption><![CDATA[Name (MIABIS-BIOBANK-03)]]></caption>
<phi>false</phi>
<mandatory>false</mandatory>
<toolTip><![CDATA[Name of the biobank (preferably in English).]]></toolTip>
<showLabel>true</showLabel>
<showInGrid>false</showInGrid>
<hidden>false</hidden>
<width>0</width>
<defaultValue><![CDATA[]]></defaultValue>
<url>false</url>
<password>false</password>
</textField>
</row>
<row>
<textField>
<name>url_miabis_biobank_04</name>
<udn>url_miabis_biobank_04</udn>
<caption><![CDATA[URL (MIABIS-BIOBANK-04)]]></caption>
<phi>false</phi>
<mandatory>false</mandatory>
<toolTip><![CDATA[Complete http-address for the biobank.]]></toolTip>
<showLabel>true</showLabel>
<showInGrid>false</showInGrid>
<hidden>false</hidden>
<width>0</width>
<defaultValue><![CDATA[]]></defaultValue>
<url>false</url>
<password>false</password>
</textField>
<textField>
<name>juristic_person_miabis_biobank_05</name>
<udn>juristic_person_miabis_biobank_05</udn>
<caption><![CDATA[Juristic Person (MIABIS-BIOBANK-05)]]></caption>
<phi>false</phi>
<mandatory>false</mandatory>
<toolTip><![CDATA[Juristic person i.e. a university, concern, county council etc. for the biobank.]]></toolTip>
<showLabel>true</showLabel>
<showInGrid>false</showInGrid>
<hidden>false</hidden>
<width>0</width>
<defaultValue><![CDATA[]]></defaultValue>
<url>false</url>
<password>false</password>
</textField>
<pvField>
<name>country_miabis_biobank_06</name>
<udn>country_miabis_biobank_06</udn>
<caption><![CDATA[Country (MIABIS-BIOBANK-06)]]></caption>
<phi>false</phi>
<mandatory>false</mandatory>
<toolTip><![CDATA[Two letter code for the country of the biobank. ISO-standard 3166 alpha2.]]></toolTip>
<showLabel>true</showLabel>
<showInGrid>false</showInGrid>
<hidden>false</hidden>
<attribute>country</attribute>
<leafValue>false</leafValue>
<rootValue>false</rootValue>
</pvField>
</row>
<row>
<subForm>
<maxEntries>-1</maxEntries>
<showAddMoreLink>false</showAddMoreLink>
<udn>contact_information_miabis_biobank_07</udn>
<pasteButtonEnabled>false</pasteButtonEnabled>
<name>contact_information_miabis_biobank_07</name>
<caption><![CDATA[Contact information (MIABIS-BIOBANK-07)]]></caption>
<row>
<textField>
<name>first_name_miabis_2_0_07_a</name>
<udn>first_name_miabis_2_0_07_a</udn>
<caption><![CDATA[First name (MIABIS-2.0-07-A)]]></caption>
<phi>false</phi>
<mandatory>false</mandatory>
<toolTip><![CDATA[Textual string of letters denoting the first name of the Contact]]></toolTip>
<showLabel>true</showLabel>
<showInGrid>false</showInGrid>
<hidden>false</hidden>
<width>0</width>
<defaultValue><![CDATA[]]></defaultValue>
<url>false</url>
<password>false</password>
</textField>
</row>
<row>
<textField>
<name>last_name_miabis_2_0_07_b</name>
<udn>last_name_miabis_2_0_07_b</udn>
<caption><![CDATA[Last name (MIABIS-2.0-07-B)]]></caption>
<phi>false</phi>
<mandatory>false</mandatory>
<toolTip><![CDATA[Textual string of letters denoting the last name of the Contact]]></toolTip>
<showLabel>true</showLabel>
<showInGrid>false</showInGrid>
<hidden>false</hidden>
<width>0</width>
<defaultValue><![CDATA[]]></defaultValue>
<url>false</url>
<password>false</password>
</textField>
</row>
<row>
<textField>
<name>phone_miabis_2_0_07_c</name>
<udn>phone_miabis_2_0_07_c</udn>
<caption><![CDATA[Phone (MIABIS-2.0-07-C)]]></caption>
<phi>false</phi>
<mandatory>false</mandatory>
<toolTip><![CDATA[]]></toolTip>
<showLabel>true</showLabel>
<showInGrid>false</showInGrid>
<hidden>false</hidden>
<width>0</width>
<defaultValue><![CDATA[]]></defaultValue>
<url>false</url>
<password>false</password>
</textField>
</row>
<row>
<textField>
<name>email_miabis_2_0_07_d</name>
<udn>email_miabis_2_0_07_d</udn>
<caption><![CDATA[Email (MIABIS-2.0-07-D)]]></caption>
<phi>false</phi>
<mandatory>false</mandatory>
<toolTip><![CDATA[Email address of the Contact person]]></toolTip>
<showLabel>true</showLabel>
<showInGrid>false</showInGrid>
<hidden>false</hidden>
<width>0</width>
<defaultValue><![CDATA[]]></defaultValue>
<url>false</url>
<password>false</password>
</textField>
</row>
<row>
<textField>
<name>address_miabis_2_0_07_e</name>
<udn>address_miabis_2_0_07_e</udn>
<caption><![CDATA[Address (MIABIS-2.0-07-E)]]></caption>
<phi>false</phi>
<mandatory>false</mandatory>
<toolTip><![CDATA[Street name and street number or PO Box of the Contact person]]></toolTip>
<showLabel>true</showLabel>
<showInGrid>false</showInGrid>
<hidden>false</hidden>
<width>0</width>
<defaultValue><![CDATA[]]></defaultValue>
<url>false</url>
<password>false</password>
</textField>
</row>
<row>
<textField>
<name>zip_miabis_2_0_07_f</name>
<udn>zip_miabis_2_0_07_f</udn>
<caption><![CDATA[ZIP (MIABIS-2.0-07-F)]]></caption>
<phi>false</phi>
<mandatory>false</mandatory>
<toolTip><![CDATA[ZIP of the Contact person]]></toolTip>
<showLabel>true</showLabel>
<showInGrid>false</showInGrid>
<hidden>false</hidden>
<width>0</width>
<defaultValue><![CDATA[]]></defaultValue>
<url>false</url>
<password>false</password>
</textField>
</row>
<row>
<textField>
<name>city_miabis_2_0_07_g</name>
<udn>city_miabis_2_0_07_g</udn>
<caption><![CDATA[City (MIABIS-2.0-07-G)]]></caption>
<phi>false</phi>
<mandatory>false</mandatory>
<toolTip><![CDATA[City of the Contact person]]></toolTip>
<showLabel>true</showLabel>
<showInGrid>false</showInGrid>
<hidden>false</hidden>
<width>0</width>
<defaultValue><![CDATA[]]></defaultValue>
<url>false</url>
<password>false</password>
</textField>
</row>
<row>
<pvField>
<name>country_miabis_2_0_07_h</name>
<udn>country_miabis_2_0_07_h</udn>
<caption><![CDATA[Country (MIABIS-2.0-07-H)]]></caption>
<phi>false</phi>
<mandatory>false</mandatory>
<toolTip><![CDATA[Country of the Contact person]]></toolTip>
<showLabel>true</showLabel>
<showInGrid>false</showInGrid>
<hidden>false</hidden>
<attribute>country</attribute>
<leafValue>false</leafValue>
<rootValue>false</rootValue>
</pvField>
</row>
</subForm>
</row>
<row>
<textArea>
<name>description_miabis_biobank_08</name>
<udn>description_miabis_biobank_08</udn>
<caption><![CDATA[Description (MIABIS-BIOBANK-08)]]></caption>
<phi>false</phi>
<mandatory>false</mandatory>
<toolTip><![CDATA[Description of the biobank in English. Free text description of the biobank. Recommendation max. 2000 char.]]></toolTip>
<showLabel>true</showLabel>
<showInGrid>false</showInGrid>
<hidden>false</hidden>
<width>0</width>
<defaultValue><![CDATA[]]></defaultValue>
<height>0</height>
</textArea>
</row>
<row>
<checkBox>
<name>infrastructural_capabilities_miabis_biobank_09</name>
<udn>infrastructural_capabilities_miabis_biobank_09</udn>
<caption><![CDATA[Infrastructural capabilities (MIABIS-BIOBANK-09)]]></caption>
<phi>false</phi>
<mandatory>false</mandatory>
<toolTip><![CDATA[The technical infrastructural capabilities that the biobank can offer to the clients.]]></toolTip>
<showLabel>true</showLabel>
<showInGrid>false</showInGrid>
<hidden>false</hidden>
<options>
<option>
<value><![CDATA[Sample storage]]></value>
</option>
<option>
<value><![CDATA[Data storage]]></value>
</option>
<option>
<value><![CDATA[Biosafety abilities]]></value>
</option>
</options>
<optionsPerRow>1</optionsPerRow>
</checkBox>
</row>
<row>
<checkBox>
<name>organisational_capabilities_miabis_biobank_10</name>
<udn>organisational_capabilities_miabis_biobank_10</udn>
<caption><![CDATA[Organisational capabilities (MIABIS-BIOBANK-10)]]></caption>
<phi>false</phi>
<mandatory>false</mandatory>
<toolTip><![CDATA[The organisational capabilities and services that the biobank can provide to support clients.]]></toolTip>
<showLabel>true</showLabel>
<showInGrid>false</showInGrid>
<hidden>false</hidden>
<options>
<option>
<value><![CDATA[Recontact with donors]]></value>
</option>
<option>
<value><![CDATA[Facilitating clinical trials]]></value>
</option>
<option>
<value><![CDATA[Setting up prospective collections]]></value>
</option>
<option>
<value><![CDATA[Access to omics data]]></value>
</option>
<option>
<value><![CDATA[Access to laboratory analysis data]]></value>
</option>
<option>
<value><![CDATA[Access to donors' clinical data]]></value>
</option>
<option>
<value><![CDATA[Access to pathology archive]]></value>
</option>
<option>
<value><![CDATA[Access to radiology archive]]></value>
</option>
<option>
<value><![CDATA[Access to national medical registries]]></value>
</option>
<option>
<value><![CDATA[Other]]></value>
</option>
</options>
<optionsPerRow>2</optionsPerRow>
</checkBox>
</row>
<row>
<textField>
<name>organisational_capabilities_if_other_please_specify</name>
<udn>organisational_capabilities_if_other_please_specify</udn>
<caption><![CDATA[Organisational capabilities if Other, please specify]]></caption>
<phi>false</phi>
<mandatory>false</mandatory>
<toolTip><![CDATA[]]></toolTip>
<showLabel>true</showLabel>
<showInGrid>false</showInGrid>
<hidden>false</hidden>
<width>0</width>
<defaultValue><![CDATA[]]></defaultValue>
<url>false</url>
<password>false</password>
</textField>
</row>
<row>
<checkBox>
<name>bioprocessing_and_analytical_capabilities_miabis_biobank_11</name>
<udn>bioprocessing_and_analytical_capabilities_miabis_biobank_11</udn>
<caption><![CDATA[Bioprocessing and analytical capabilities (MIABIS-BIOBANK-11)]]></caption>
<phi>false</phi>
<mandatory>false</mandatory>
<toolTip><![CDATA[Bioprocessing and analytical services that the biobank can offer to the clients.]]></toolTip>
<showLabel>true</showLabel>
<showInGrid>false</showInGrid>
<hidden>false</hidden>
<options>
<optionsFile>bioprocessing_and_analytical_capabilities_miabis_biobank_11.csv</optionsFile>
</options>
<optionsPerRow>2</optionsPerRow>
</checkBox>
</row>
<row>
<textField>
<name>bioprocessing_and_analytical_capabilities_if_other_please_specif</name>
<udn>bioprocessing_and_analytical_capabilities_if_other_please_specif</udn>
<caption><![CDATA[Bioprocessing and analytical capabilities if Other, please specify]]></caption>
<phi>false</phi>
<mandatory>false</mandatory>
<toolTip><![CDATA[]]></toolTip>
<showLabel>true</showLabel>
<showInGrid>false</showInGrid>
<hidden>false</hidden>
<width>0</width>
<defaultValue><![CDATA[]]></defaultValue>
<url>false</url>
<password>false</password>
</textField>
</row>
<row>
<checkBox>
<name>quality_management_standard_miabis_biobank_122</name>
<udn>quality_management_standard_miabis_biobank_122</udn>
<caption><![CDATA[Quality Management standard (MIABIS-BIOBANK-12)]]></caption>
<phi>false</phi>
<mandatory>false</mandatory>
<toolTip><![CDATA[The standards that the biobank is certified or accredited for. Attribute value list can be expanded by the implementation, and implementation needs to verify provided data.]]></toolTip>
<showLabel>true</showLabel>
<showInGrid>false</showInGrid>
<hidden>false</hidden>
<options>
<option>
<value><![CDATA[ISO 9001]]></value>
</option>
<option>
<value><![CDATA[ISO 20387]]></value>
</option>
<option>
<value><![CDATA[ISO 15189]]></value>
</option>
<option>
<value><![CDATA[Other]]></value>
</option>
</options>
<optionsPerRow>2</optionsPerRow>
</checkBox>
</row>
<row>
<textField>
<name>quality_management_standard_if_other_please_specify</name>
<udn>quality_management_standard_if_other_please_specify</udn>
<caption><![CDATA[Quality Management standard, if other please specify]]></caption>
<phi>false</phi>
<mandatory>false</mandatory>
<toolTip><![CDATA[]]></toolTip>
<showLabel>true</showLabel>
<showInGrid>false</showInGrid>
<hidden>false</hidden>
<width>0</width>
<defaultValue><![CDATA[]]></defaultValue>
<url>false</url>
<password>false</password>
</textField>
</row>
</view>
<deletedFields>
</deletedFields>
<skipRules>
</skipRules>
</form>
