<form>
<view>
<name>miabisv3_data_describing_network</name>
<caption><![CDATA[MIABISv3_Data_Describing_Network]]></caption>
<row>
<label>
<name>miabisv3_network</name>
<udn>miabisv3_network</udn>
<note><![CDATA[<hr style="width:100%;text-align:left;margin-left:0">
<h1>MIABIS v3 Section - Biobank</h1>
To fill in the MIABIS guidelines use the <a href="https://github.com/BBMRI-ERIC/miabis/tree/master/Core/V3/Data-describing-Network.md" target="_blank">MIABISv3 Github link</a>]]></note>
<phi>false</phi>
<mandatory>false</mandatory>
</label>
</row>
<row>
<textField>
<name>id_miabis_network_01</name>
<udn>id_miabis_network_01</udn>
<caption><![CDATA[ID (MIABIS-NETWORK-01)]]></caption>
<phi>false</phi>
<mandatory>false</mandatory>
<toolTip><![CDATA[ID of the Network. The ID is technical and given by the implementation. Implementation will provide instructions on how to form the ID]]></toolTip>
<showLabel>true</showLabel>
<showInGrid>false</showInGrid>
<hidden>false</hidden>
<width>0</width>
<defaultValue><![CDATA[]]></defaultValue>
<url>false</url>
<password>false</password>
</textField>
</row>
<row>
<textField>
<name>acronym_miabis_network_02</name>
<udn>acronym_miabis_network_02</udn>
<caption><![CDATA[Acronym (MIABIS-NETWORK-02)]]></caption>
<phi>false</phi>
<mandatory>false</mandatory>
<toolTip><![CDATA[Short name in use for the network. If applicable.]]></toolTip>
<showLabel>true</showLabel>
<showInGrid>false</showInGrid>
<hidden>false</hidden>
<width>0</width>
<defaultValue><![CDATA[]]></defaultValue>
<url>false</url>
<password>false</password>
</textField>
</row>
<row>
<textField>
<name>name_miabis_network_03</name>
<udn>name_miabis_network_03</udn>
<caption><![CDATA[Name (MIABIS-NETWORK-03)]]></caption>
<phi>false</phi>
<mandatory>false</mandatory>
<toolTip><![CDATA[Name of the network (preferably in English).]]></toolTip>
<showLabel>true</showLabel>
<showInGrid>false</showInGrid>
<hidden>false</hidden>
<width>0</width>
<defaultValue><![CDATA[]]></defaultValue>
<url>false</url>
<password>false</password>
</textField>
</row>
<row>
<textField>
<name>url_miabis_network_04</name>
<udn>url_miabis_network_04</udn>
<caption><![CDATA[URL (MIABIS-NETWORK-04)]]></caption>
<phi>false</phi>
<mandatory>false</mandatory>
<toolTip><![CDATA[Complete http-address for the Network.]]></toolTip>
<showLabel>true</showLabel>
<showInGrid>false</showInGrid>
<hidden>false</hidden>
<width>0</width>
<defaultValue><![CDATA[]]></defaultValue>
<url>false</url>
<password>false</password>
</textField>
</row>
<row>
<textField>
<name>juristic_person_miabis_network_05</name>
<udn>juristic_person_miabis_network_05</udn>
<caption><![CDATA[Juristic person (MIABIS-NETWORK-05)]]></caption>
<phi>false</phi>
<mandatory>false</mandatory>
<toolTip><![CDATA[Juristic person i.e. a university, concern, county council etc. for the network.]]></toolTip>
<showLabel>true</showLabel>
<showInGrid>false</showInGrid>
<hidden>false</hidden>
<width>0</width>
<defaultValue><![CDATA[]]></defaultValue>
<url>false</url>
<password>false</password>
</textField>
</row>
<row>
<textField>
<name>country_miabis_network_06</name>
<udn>country_miabis_network_06</udn>
<caption><![CDATA[Country (MIABIS-NETWORK-06)]]></caption>
<phi>false</phi>
<mandatory>false</mandatory>
<toolTip><![CDATA[Two letter code for the country of the Network. ISO-standard 3166 alpha2. In the Network component multiple values are allowed]]></toolTip>
<showLabel>true</showLabel>
<showInGrid>false</showInGrid>
<hidden>false</hidden>
<width>0</width>
<defaultValue><![CDATA[]]></defaultValue>
<url>false</url>
<password>false</password>
</textField>
</row>
<row>
<subForm>
<maxEntries>-1</maxEntries>
<showAddMoreLink>false</showAddMoreLink>
<udn>contact_information_miabis_network_07</udn>
<pasteButtonEnabled>false</pasteButtonEnabled>
<name>contact_information_miabis_network_07</name>
<caption><![CDATA[Contact information (MIABIS-NETWORK-07)]]></caption>
<row>
<textField>
<name>first_name_miabis_2_0_07_a</name>
<udn>first_name_miabis_2_0_07_a</udn>
<caption><![CDATA[First name (MIABIS-2.0-07-A)]]></caption>
<phi>false</phi>
<mandatory>false</mandatory>
<toolTip><![CDATA[Textual string of letters denoting the first name of the Contact]]></toolTip>
<showLabel>true</showLabel>
<showInGrid>false</showInGrid>
<hidden>false</hidden>
<width>0</width>
<defaultValue><![CDATA[]]></defaultValue>
<url>false</url>
<password>false</password>
</textField>
</row>
<row>
<textField>
<name>last_name_miabis_2_0_07_b</name>
<udn>last_name_miabis_2_0_07_b</udn>
<caption><![CDATA[Last name (MIABIS-2.0-07-B)]]></caption>
<phi>false</phi>
<mandatory>false</mandatory>
<toolTip><![CDATA[Textual string of letters denoting the last name of the Contact]]></toolTip>
<showLabel>true</showLabel>
<showInGrid>false</showInGrid>
<hidden>false</hidden>
<width>0</width>
<defaultValue><![CDATA[]]></defaultValue>
<url>false</url>
<password>false</password>
</textField>
</row>
<row>
<textField>
<name>phone_miabis_2_0_07_c</name>
<udn>phone_miabis_2_0_07_c</udn>
<caption><![CDATA[Phone (MIABIS-2.0-07-C)]]></caption>
<phi>false</phi>
<mandatory>false</mandatory>
<toolTip><![CDATA[Phone to the Contact including international call prefix]]></toolTip>
<showLabel>true</showLabel>
<showInGrid>false</showInGrid>
<hidden>false</hidden>
<width>0</width>
<defaultValue><![CDATA[]]></defaultValue>
<url>false</url>
<password>false</password>
</textField>
</row>
<row>
<textField>
<name>email_miabis_2_0_07_d</name>
<udn>email_miabis_2_0_07_d</udn>
<caption><![CDATA[Email (MIABIS-2.0-07-D)]]></caption>
<phi>false</phi>
<mandatory>false</mandatory>
<toolTip><![CDATA[Email address of the Contact person]]></toolTip>
<showLabel>true</showLabel>
<showInGrid>false</showInGrid>
<hidden>false</hidden>
<width>0</width>
<defaultValue><![CDATA[]]></defaultValue>
<url>false</url>
<password>false</password>
</textField>
</row>
<row>
<textField>
<name>address_miabis_2_0_07_e</name>
<udn>address_miabis_2_0_07_e</udn>
<caption><![CDATA[Address (MIABIS-2.0-07-E)]]></caption>
<phi>false</phi>
<mandatory>false</mandatory>
<toolTip><![CDATA[Street name and street number or PO Box of the Contact person]]></toolTip>
<showLabel>true</showLabel>
<showInGrid>false</showInGrid>
<hidden>false</hidden>
<width>0</width>
<defaultValue><![CDATA[]]></defaultValue>
<url>false</url>
<password>false</password>
</textField>
</row>
<row>
<textField>
<name>zip_miabis_2_0_07_f</name>
<udn>zip_miabis_2_0_07_f</udn>
<caption><![CDATA[ZIP (MIABIS-2.0-07-F)]]></caption>
<phi>false</phi>
<mandatory>false</mandatory>
<toolTip><![CDATA[ZIP of the Contact person]]></toolTip>
<showLabel>true</showLabel>
<showInGrid>false</showInGrid>
<hidden>false</hidden>
<width>0</width>
<defaultValue><![CDATA[]]></defaultValue>
<url>false</url>
<password>false</password>
</textField>
</row>
<row>
<textField>
<name>city_miabis_2_0_07_g</name>
<udn>city_miabis_2_0_07_g</udn>
<caption><![CDATA[City (MIABIS-2.0-07-G)]]></caption>
<phi>false</phi>
<mandatory>false</mandatory>
<toolTip><![CDATA[City of the Contact person]]></toolTip>
<showLabel>true</showLabel>
<showInGrid>false</showInGrid>
<hidden>false</hidden>
<width>0</width>
<defaultValue><![CDATA[]]></defaultValue>
<url>false</url>
<password>false</password>
</textField>
</row>
<row>
<textField>
<name>country_miabis_2_0_07_h</name>
<udn>country_miabis_2_0_07_h</udn>
<caption><![CDATA[Country (MIABIS-2.0-07-H)]]></caption>
<phi>false</phi>
<mandatory>false</mandatory>
<toolTip><![CDATA[Country of the Contact person]]></toolTip>
<showLabel>true</showLabel>
<showInGrid>false</showInGrid>
<hidden>false</hidden>
<width>0</width>
<defaultValue><![CDATA[]]></defaultValue>
<url>false</url>
<password>false</password>
</textField>
</row>
</subForm>
</row>
<row>
<textArea>
<name>description_miabis_network_08</name>
<udn>description_miabis_network_08</udn>
<caption><![CDATA[Description (MIABIS-NETWORK-08)]]></caption>
<phi>false</phi>
<mandatory>false</mandatory>
<toolTip><![CDATA[Description of the network in English.]]></toolTip>
<showLabel>true</showLabel>
<showInGrid>false</showInGrid>
<hidden>false</hidden>
<width>0</width>
<defaultValue><![CDATA[]]></defaultValue>
<height>3</height>
</textArea>
</row>
<row>
<radioButton>
<name>network_status_miabis_network_09</name>
<udn>network_status_miabis_network_09</udn>
<caption><![CDATA[Network status (MIABIS-NETWORK-09)]]></caption>
<phi>false</phi>
<mandatory>false</mandatory>
<toolTip><![CDATA[The state of the network functions.]]></toolTip>
<showLabel>true</showLabel>
<showInGrid>false</showInGrid>
<hidden>false</hidden>
<options>
<option>
<value><![CDATA[Active]]></value>
</option>
<option>
<value><![CDATA[Ended]]></value>
</option>
<option>
<value><![CDATA[Other]]></value>
</option>
</options>
<optionsPerRow>3</optionsPerRow>
</radioButton>
</row>
<row>
<textField>
<name>network_status_if_other_please_specify</name>
<udn>network_status_if_other_please_specify</udn>
<caption><![CDATA[Network status, if other please specify]]></caption>
<phi>false</phi>
<mandatory>false</mandatory>
<showLabel>true</showLabel>
<showInGrid>false</showInGrid>
<hidden>false</hidden>
<width>0</width>
<defaultValue><![CDATA[]]></defaultValue>
<url>false</url>
<password>false</password>
</textField>
</row>
<row>
<textField>
<name>network_members_miabis_network_10</name>
<udn>network_members_miabis_network_10</udn>
<caption><![CDATA[Network members (MIABIS-NETWORK-10)]]></caption>
<phi>false</phi>
<mandatory>false</mandatory>
<toolTip><![CDATA[Names of the entities (organisations, biobanks, collections and/or research resources, etc.) involved in the Network.]]></toolTip>
<showLabel>true</showLabel>
<showInGrid>false</showInGrid>
<hidden>false</hidden>
<width>0</width>
<defaultValue><![CDATA[]]></defaultValue>
<url>false</url>
<password>false</password>
</textField>
</row>
<row>
<checkBox>
<name>common_collaboration_topics_miabis_network_11</name>
<udn>common_collaboration_topics_miabis_network_11</udn>
<caption><![CDATA[Common collaboration topics (MIABIS-NETWORK-11)]]></caption>
<phi>false</phi>
<mandatory>false</mandatory>
<toolTip><![CDATA[Topics that the network partners collaborate on.]]></toolTip>
<showLabel>true</showLabel>
<showInGrid>false</showInGrid>
<hidden>false</hidden>
<options>
<option>
<value><![CDATA[Common charter]]></value>
</option>
<option>
<value><![CDATA[Common SOPs]]></value>
</option>
<option>
<value><![CDATA[Common data access policy]]></value>
</option>
<option>
<value><![CDATA[Common sample access policy]]></value>
</option>
<option>
<value><![CDATA[Common MTA]]></value>
</option>
<option>
<value><![CDATA[Common image access policy]]></value>
</option>
<option>
<value><![CDATA[Common image MTA]]></value>
</option>
<option>
<value><![CDATA[Common representation]]></value>
</option>
<option>
<value><![CDATA[Common URL]]></value>
</option>
<option>
<value><![CDATA[Other]]></value>
</option>
</options>
<optionsPerRow>3</optionsPerRow>
</checkBox>
</row>
<row>
<textField>
<name>common_collaboration_topics_if_other_please_specify</name>
<udn>common_collaboration_topics_if_other_please_specify</udn>
<caption><![CDATA[Common collaboration topics, if other please specify]]></caption>
<phi>false</phi>
<mandatory>false</mandatory>
<showLabel>true</showLabel>
<showInGrid>false</showInGrid>
<hidden>false</hidden>
<width>0</width>
<defaultValue><![CDATA[]]></defaultValue>
<url>false</url>
<password>false</password>
</textField>
</row>
</view>
<deletedFields>
</deletedFields>
<skipRules>
</skipRules>
</form>
