<form>
<view>
<name>miabisv3_data_describing_research_resource</name>
<caption><![CDATA[MIABISv3_Data_Describing_ResearchResource]]></caption>
<row>
<label>
<name>Miabisv3_note</name>
<udn>Miabisv3_note</udn>
<note><![CDATA[<hr style="width:100%;text-align:left;margin-left:0">
<h1>MIABIS v3 Section - Research Resource</h1>
To fill in the MIABIS guidelines use the <a href="https://github.com/BBMRI-ERIC/miabis/blob/master/Core/V3/Data-describing-ResearchResource.md" target="_blank">MIABISv3 Github link</a>]]></note>
<phi>false</phi>
<mandatory>false</mandatory>
<toolTip><![CDATA[]]></toolTip>
</label>
</row>
<row>
<textField>
<name>id_miabis_researchproject_01</name>
<udn>id_miabis_researchproject_01</udn>
<caption><![CDATA[ID (MIABIS-RESEARCHPROJECT-01)]]></caption>
<phi>false</phi>
<mandatory>false</mandatory>
<toolTip><![CDATA[ID of the Research Resource]]></toolTip>
<showLabel>true</showLabel>
<showInGrid>false</showInGrid>
<hidden>false</hidden>
<width>0</width>
<defaultValue><![CDATA[]]></defaultValue>
<url>false</url>
<password>false</password>
</textField>
</row>
<row>
<textField>
<name>acronym_miabis_researchproject_02</name>
<udn>acronym_miabis_researchproject_02</udn>
<caption><![CDATA[Acronym (MIABIS-RESEARCHPROJECT-02)]]></caption>
<phi>false</phi>
<mandatory>false</mandatory>
<toolTip><![CDATA[Short name in use for the Research Resource. If applicable.]]></toolTip>
<showLabel>true</showLabel>
<showInGrid>false</showInGrid>
<hidden>false</hidden>
<width>0</width>
<defaultValue><![CDATA[]]></defaultValue>
<url>false</url>
<password>false</password>
</textField>
</row>
<row>
<textField>
<name>name_miabis_researchproject_03</name>
<udn>name_miabis_researchproject_03</udn>
<caption><![CDATA[Name (MIABIS-RESEARCHPROJECT-03)]]></caption>
<phi>false</phi>
<mandatory>false</mandatory>
<toolTip><![CDATA[Name of the Research Resource (preferably in English).]]></toolTip>
<showLabel>true</showLabel>
<showInGrid>false</showInGrid>
<hidden>false</hidden>
<width>0</width>
<defaultValue><![CDATA[]]></defaultValue>
<url>false</url>
<password>false</password>
</textField>
</row>
<row>
<textField>
<name>url_miabis_researchproject_04</name>
<udn>url_miabis_researchproject_04</udn>
<caption><![CDATA[URL (MIABIS-RESEARCHPROJECT-04)]]></caption>
<phi>false</phi>
<mandatory>false</mandatory>
<toolTip><![CDATA[Complete http-address for the Research Resource.]]></toolTip>
<showLabel>true</showLabel>
<showInGrid>false</showInGrid>
<hidden>false</hidden>
<width>0</width>
<defaultValue><![CDATA[]]></defaultValue>
<url>false</url>
<password>false</password>
</textField>
</row>
<row>
<subForm>
<maxEntries>-1</maxEntries>
<showAddMoreLink>false</showAddMoreLink>
<udn>contact_information_miabis_researchproject_05</udn>
<pasteButtonEnabled>false</pasteButtonEnabled>
<name>contact_information_miabis_researchproject_05</name>
<caption><![CDATA[Contact Information (MIABIS-RESEARCHPROJECT-05)]]></caption>
<row>
<textField>
<name>first_name_miabis_2_0_07_a</name>
<udn>first_name_miabis_2_0_07_a</udn>
<caption><![CDATA[First name (MIABIS-2.0-07-A)]]></caption>
<phi>false</phi>
<mandatory>false</mandatory>
<toolTip><![CDATA[Textual string of letters denoting the first name of the Contact]]></toolTip>
<showLabel>true</showLabel>
<showInGrid>false</showInGrid>
<hidden>false</hidden>
<width>0</width>
<defaultValue><![CDATA[]]></defaultValue>
<url>false</url>
<password>false</password>
</textField>
</row>
<row>
<textField>
<name>last_name_miabis_2_0_07_b</name>
<udn>last_name_miabis_2_0_07_b</udn>
<caption><![CDATA[Last name (MIABIS-2.0-07-B)]]></caption>
<phi>false</phi>
<mandatory>false</mandatory>
<toolTip><![CDATA[Textual string of letters denoting the last name of the Contact]]></toolTip>
<showLabel>true</showLabel>
<showInGrid>false</showInGrid>
<hidden>false</hidden>
<width>0</width>
<defaultValue><![CDATA[]]></defaultValue>
<url>false</url>
<password>false</password>
</textField>
</row>
<row>
<textField>
<name>phone_miabis_2_0_07_c</name>
<udn>phone_miabis_2_0_07_c</udn>
<caption><![CDATA[Phone (MIABIS-2.0-07-C)]]></caption>
<phi>false</phi>
<mandatory>false</mandatory>
<toolTip><![CDATA[Phone to the Contact including international call prefix]]></toolTip>
<showLabel>true</showLabel>
<showInGrid>false</showInGrid>
<hidden>false</hidden>
<width>0</width>
<defaultValue><![CDATA[]]></defaultValue>
<url>false</url>
<password>false</password>
</textField>
</row>
<row>
<textField>
<name>email_miabis_2_0_07_d</name>
<udn>email_miabis_2_0_07_d</udn>
<caption><![CDATA[Email (MIABIS-2.0-07-D)]]></caption>
<phi>false</phi>
<mandatory>false</mandatory>
<toolTip><![CDATA[Email address of the Contact person]]></toolTip>
<showLabel>true</showLabel>
<showInGrid>false</showInGrid>
<hidden>false</hidden>
<width>0</width>
<defaultValue><![CDATA[]]></defaultValue>
<url>false</url>
<password>false</password>
</textField>
</row>
<row>
<textField>
<name>address_miabis_2_0_07_e</name>
<udn>address_miabis_2_0_07_e</udn>
<caption><![CDATA[Address (MIABIS-2.0-07-E)]]></caption>
<phi>false</phi>
<mandatory>false</mandatory>
<toolTip><![CDATA[Street name and street number or PO Box of the Contact person]]></toolTip>
<showLabel>true</showLabel>
<showInGrid>false</showInGrid>
<hidden>false</hidden>
<width>0</width>
<defaultValue><![CDATA[]]></defaultValue>
<url>false</url>
<password>false</password>
</textField>
</row>
<row>
<textField>
<name>zip_miabis_2_0_07_f</name>
<udn>zip_miabis_2_0_07_f</udn>
<caption><![CDATA[ZIP (MIABIS-2.0-07-F)]]></caption>
<phi>false</phi>
<mandatory>false</mandatory>
<toolTip><![CDATA[ZIP of the Contact person]]></toolTip>
<showLabel>true</showLabel>
<showInGrid>false</showInGrid>
<hidden>false</hidden>
<width>0</width>
<defaultValue><![CDATA[]]></defaultValue>
<url>false</url>
<password>false</password>
</textField>
</row>
<row>
<textField>
<name>city_miabis_2_0_07_g</name>
<udn>city_miabis_2_0_07_g</udn>
<caption><![CDATA[City (MIABIS-2.0-07-G)]]></caption>
<phi>false</phi>
<mandatory>false</mandatory>
<toolTip><![CDATA[City of the Contact person]]></toolTip>
<showLabel>true</showLabel>
<showInGrid>false</showInGrid>
<hidden>false</hidden>
<width>0</width>
<defaultValue><![CDATA[]]></defaultValue>
<url>false</url>
<password>false</password>
</textField>
</row>
<row>
<pvField>
<name>country_miabis_2_0_07_h</name>
<udn>country_miabis_2_0_07_h</udn>
<caption><![CDATA[Country (MIABIS-2.0-07-H)]]></caption>
<phi>false</phi>
<mandatory>false</mandatory>
<toolTip><![CDATA[Country of the Contact person]]></toolTip>
<showLabel>true</showLabel>
<showInGrid>false</showInGrid>
<hidden>false</hidden>
<attribute>country</attribute>
<leafValue>false</leafValue>
<rootValue>false</rootValue>
</pvField>
</row>
</subForm>
</row>
<row>
<textField>
<name>description_miabis_researchproject_06</name>
<udn>description_miabis_researchproject_06</udn>
<caption><![CDATA[Description (MIABIS-RESEARCHPROJECT-06)]]></caption>
<phi>false</phi>
<mandatory>false</mandatory>
<toolTip><![CDATA[Description of the Research Resource in English.]]></toolTip>
<showLabel>true</showLabel>
<showInGrid>false</showInGrid>
<hidden>false</hidden>
<width>0</width>
<defaultValue><![CDATA[]]></defaultValue>
<url>false</url>
<password>false</password>
</textField>
</row>
<row>
<checkBox>
<name>sample_source_miabis_researchproject_07</name>
<udn>sample_source_miabis_researchproject_07</udn>
<caption><![CDATA[Sample source (MIABIS-RESEARCHPROJECT-07)]]></caption>
<phi>false</phi>
<mandatory>false</mandatory>
<toolTip><![CDATA[The source from which the samples were collected or isolated.]]></toolTip>
<showLabel>true</showLabel>
<showInGrid>false</showInGrid>
<hidden>false</hidden>
<options>
<option>
<value><![CDATA[Human]]></value>
</option>
<option>
<value><![CDATA[Animal]]></value>
</option>
<option>
<value><![CDATA[Environment]]></value>
</option>
</options>
<optionsPerRow>3</optionsPerRow>
</checkBox>
</row>
<row>
<checkBox>
<name>sex_miabis_researchproject_08</name>
<udn>sex_miabis_researchproject_08</udn>
<caption><![CDATA[Sex (MIABIS-RESEARCHPROJECT-08)]]></caption>
<phi>false</phi>
<mandatory>false</mandatory>
<toolTip><![CDATA[The sex of the individuals in the Research Resource.]]></toolTip>
<showLabel>true</showLabel>
<showInGrid>false</showInGrid>
<hidden>false</hidden>
<options>
<option>
<value><![CDATA[Male]]></value>
</option>
<option>
<value><![CDATA[Female]]></value>
</option>
<option>
<value><![CDATA[Unknown]]></value>
</option>
<option>
<value><![CDATA[Undifferentiated]]></value>
</option>
<option>
<value><![CDATA[Not applicable]]></value>
</option>
</options>
<optionsPerRow>3</optionsPerRow>
</checkBox>
</row>
<row>
<numberField>
<name>age_low_miabis_researchproject_09</name>
<udn>age_low_miabis_researchproject_09</udn>
<caption><![CDATA[Age Low (MIABIS-RESEARCHPROJECT-09)]]></caption>
<phi>false</phi>
<mandatory>false</mandatory>
<toolTip><![CDATA[Age of youngest sample donor at time of sample donation.]]></toolTip>
<showLabel>true</showLabel>
<showInGrid>false</showInGrid>
<hidden>false</hidden>
<width>0</width>
<defaultValue><![CDATA[]]></defaultValue>
<noOfDigits>19</noOfDigits>
</numberField>
</row>
<row>
<numberField>
<name>age_high_miabis_researchproject_10</name>
<udn>age_high_miabis_researchproject_10</udn>
<caption><![CDATA[Age High (MIABIS-RESEARCHPROJECT-10)]]></caption>
<phi>false</phi>
<mandatory>false</mandatory>
<toolTip><![CDATA[Age of oldest sample donor at time of sample donation.]]></toolTip>
<showLabel>true</showLabel>
<showInGrid>false</showInGrid>
<hidden>false</hidden>
<width>0</width>
<defaultValue><![CDATA[]]></defaultValue>
<noOfDigits>19</noOfDigits>
</numberField>
</row>
<row>
<radioButton>
<name>age_low_unit_miabis_researchproject_11</name>
<udn>age_low_unit_miabis_researchproject_11</udn>
<caption><![CDATA[Age Low Unit (MIABIS-RESEARCHPROJECT-11)]]></caption>
<phi>false</phi>
<mandatory>false</mandatory>
<toolTip><![CDATA[Unit defining Age Low.]]></toolTip>
<showLabel>true</showLabel>
<showInGrid>false</showInGrid>
<hidden>false</hidden>
<options>
<option>
<value><![CDATA[Years]]></value>
</option>
<option>
<value><![CDATA[Months]]></value>
</option>
<option>
<value><![CDATA[Weeks]]></value>
</option>
<option>
<value><![CDATA[Days]]></value>
</option>
<option>
<value><![CDATA[Gestational weeks]]></value>
</option>
</options>
<optionsPerRow>3</optionsPerRow>
</radioButton>
</row>
<row>
<radioButton>
<name>age_high_unit_miabis_researchproject_12</name>
<udn>age_high_unit_miabis_researchproject_12</udn>
<caption><![CDATA[Age High Unit (MIABIS-RESEARCHPROJECT-12)]]></caption>
<phi>false</phi>
<mandatory>false</mandatory>
<toolTip><![CDATA[Unit defining Age High.]]></toolTip>
<showLabel>true</showLabel>
<showInGrid>false</showInGrid>
<hidden>false</hidden>
<options>
<option>
<value><![CDATA[Years]]></value>
</option>
<option>
<value><![CDATA[Months]]></value>
</option>
<option>
<value><![CDATA[Weeks]]></value>
</option>
<option>
<value><![CDATA[Days]]></value>
</option>
<option>
<value><![CDATA[Gestational weeks]]></value>
</option>
</options>
<optionsPerRow>3</optionsPerRow>
</radioButton>
</row>
<row>
<checkBox>
<name>dataset_type_miabis_researchproject_13</name>
<udn>dataset_type_miabis_researchproject_13</udn>
<caption><![CDATA[Dataset type (MIABIS-RESEARCHPROJECT-13)]]></caption>
<phi>false</phi>
<mandatory>false</mandatory>
<toolTip><![CDATA[Types of datasets (groups of related data) obtained or otherwise derived from donors or their specimens.]]></toolTip>
<showLabel>true</showLabel>
<showInGrid>false</showInGrid>
<hidden>false</hidden>
<options>
<optionsFile>dataset_type_miabis_researchproject_13.csv</optionsFile>
</options>
<optionsPerRow>3</optionsPerRow>
</checkBox>
</row>
<row>
<textField>
<name>dataset_type_if_other_please_specify</name>
<udn>dataset_type_if_other_please_specify</udn>
<caption><![CDATA[Dataset type, if other please specify]]></caption>
<phi>false</phi>
<mandatory>false</mandatory>
<toolTip><![CDATA[]]></toolTip>
<showLabel>true</showLabel>
<showInGrid>false</showInGrid>
<hidden>false</hidden>
<width>0</width>
<defaultValue><![CDATA[]]></defaultValue>
<url>false</url>
<password>false</password>
</textField>
</row>
<row>
<checkBox>
<name>sample_type_miabis_researchproject_14</name>
<udn>sample_type_miabis_researchproject_14</udn>
<caption><![CDATA[Sample type (MIABIS-RESEARCHPROJECT-14)]]></caption>
<phi>false</phi>
<mandatory>false</mandatory>
<toolTip><![CDATA[The biospecimen saved from a biological entity for propagation e.g. testing, diagnostics, treatment or research purposes.]]></toolTip>
<showLabel>true</showLabel>
<showInGrid>false</showInGrid>
<hidden>false</hidden>
<options>
<optionsFile>sample_type_miabis_researchproject_14.csv</optionsFile>
</options>
<optionsPerRow>3</optionsPerRow>
</checkBox>
</row>
<row>
<textField>
<name>sample_type_if_other_please_specify</name>
<udn>sample_type_if_other_please_specify</udn>
<caption><![CDATA[Sample type, if other please specify]]></caption>
<phi>false</phi>
<mandatory>false</mandatory>
<toolTip><![CDATA[]]></toolTip>
<showLabel>true</showLabel>
<showInGrid>false</showInGrid>
<hidden>false</hidden>
<width>0</width>
<defaultValue><![CDATA[]]></defaultValue>
<url>false</url>
<password>false</password>
</textField>
</row>
<row>
<checkBox>
<name>storage_temperature_miabis_researchproject_15</name>
<udn>storage_temperature_miabis_researchproject_15</udn>
<caption><![CDATA[Storage temperature (MIABIS-RESEARCHPROJECT-15)]]></caption>
<phi>false</phi>
<mandatory>false</mandatory>
<toolTip><![CDATA[The long-term storage temperature at which the sample is stored after preparation, based on SPREC v3.]]></toolTip>
<showLabel>true</showLabel>
<showInGrid>false</showInGrid>
<hidden>false</hidden>
<options>
<option>
<value><![CDATA[RT (Room temperature)]]></value>
</option>
<option>
<value><![CDATA[2 °C to 10°C]]></value>
</option>
<option>
<value><![CDATA[-18 °C to -35 °C]]></value>
</option>
<option>
<value><![CDATA[-60 °C to -85 °C]]></value>
</option>
<option>
<value><![CDATA[<-135 °C]]></value>
</option>
<option>
<value><![CDATA[Liquid nitrogen vapor-phase]]></value>
</option>
<option>
<value><![CDATA[Liquid nitrogen liquid-phase]]></value>
</option>
<option>
<value><![CDATA[Other]]></value>
</option>
</options>
<optionsPerRow>3</optionsPerRow>
</checkBox>
</row>
<row>
<textField>
<name>storage_temperature_if_other_please_specify</name>
<udn>storage_temperature_if_other_please_specify</udn>
<caption><![CDATA[Storage temperature, if other please specify]]></caption>
<phi>false</phi>
<mandatory>false</mandatory>
<toolTip><![CDATA[]]></toolTip>
<showLabel>true</showLabel>
<showInGrid>false</showInGrid>
<hidden>false</hidden>
<width>0</width>
<defaultValue><![CDATA[]]></defaultValue>
<url>false</url>
<password>false</password>
</textField>
</row>
<row>
<subForm>
<maxEntries>-1</maxEntries>
<showAddMoreLink>false</showAddMoreLink>
<udn>disease_miabis_researchproject_16</udn>
<pasteButtonEnabled>false</pasteButtonEnabled>
<name>disease_miabis_researchproject_16</name>
<caption><![CDATA[Disease (MIABIS-RESEARCHPROJECT-16)]]></caption>
<row>
<textField>
<name>disease_ontology_miabis_2_0_17a</name>
<udn>disease_ontology_miabis_2_0_17a</udn>
<caption><![CDATA[Disease Ontology (MIABIS-2.0-17A)]]></caption>
<phi>false</phi>
<mandatory>false</mandatory>
<toolTip><![CDATA[Name of ontology used for disease. Can be several values e.g. ICD, SNOMED]]></toolTip>
<showLabel>true</showLabel>
<showInGrid>false</showInGrid>
<hidden>false</hidden>
<width>0</width>
<defaultValue><![CDATA[ICD]]></defaultValue>
<url>false</url>
<password>false</password>
</textField>
</row>
<row>
<textField>
<name>disease_ontology_version_miabis_2_0_17b</name>
<udn>disease_ontology_version_miabis_2_0_17b</udn>
<caption><![CDATA[Disease Ontology Version (MIABIS-2.0-17B)]]></caption>
<phi>false</phi>
<mandatory>false</mandatory>
<toolTip><![CDATA[Version of selected ontology for disease e.g. ICD-9, ICD-10, SNOMED-CT]]></toolTip>
<showLabel>true</showLabel>
<showInGrid>false</showInGrid>
<hidden>false</hidden>
<width>0</width>
<defaultValue><![CDATA[ICD-10]]></defaultValue>
<url>false</url>
<password>false</password>
</textField>
</row>
<row>
<pvField>
<name>disease_ontology_code_miabis_2_0_17c</name>
<udn>disease_ontology_code_miabis_2_0_17c</udn>
<caption><![CDATA[Disease Ontology Code (MIABIS-2.0-17C)]]></caption>
<phi>false</phi>
<mandatory>false</mandatory>
<toolTip><![CDATA[Disease code from the selected Disease Ontology Version e.g. C61]]></toolTip>
<showLabel>true</showLabel>
<showInGrid>false</showInGrid>
<hidden>false</hidden>
<attribute>clinical_diagnosis</attribute>
<leafValue>false</leafValue>
<rootValue>false</rootValue>
</pvField>
</row>
<row>
<pvField>
<name>disease_ontology_description_miabis_2_0_17d</name>
<udn>disease_ontology_description_miabis_2_0_17d</udn>
<caption><![CDATA[Disease Ontology Description (MIABIS-2.0-17D)]]></caption>
<phi>false</phi>
<mandatory>false</mandatory>
<toolTip><![CDATA[Description from the selected Disease Ontology Code e.g : Malignant neoplasm of prostate]]></toolTip>
<showLabel>true</showLabel>
<showInGrid>false</showInGrid>
<hidden>false</hidden>
<attribute>clinical_diagnosis</attribute>
<leafValue>false</leafValue>
<rootValue>false</rootValue>
</pvField>
</row>
<row>
<textArea>
<name>disease_free_text_miabis_2_0_17e</name>
<udn>disease_free_text_miabis_2_0_17e</udn>
<caption><![CDATA[Disease Free Text (MIABIS-2.0-17E)]]></caption>
<phi>false</phi>
<mandatory>false</mandatory>
<toolTip><![CDATA[Explanation about disease or symptom in case of unknown disease or insufficient information]]></toolTip>
<showLabel>true</showLabel>
<showInGrid>false</showInGrid>
<hidden>false</hidden>
<width>0</width>
<defaultValue><![CDATA[]]></defaultValue>
<height>0</height>
</textArea>
</row>
</subForm>
</row>
<row>
<checkBox>
<name>sample_collection_setting_miabis_researchproject_17</name>
<udn>sample_collection_setting_miabis_researchproject_17</udn>
<caption><![CDATA[Sample collection setting (MIABIS-RESEARCHPROJECT-17)]]></caption>
<phi>false</phi>
<mandatory>false</mandatory>
<toolTip><![CDATA[The context in which the sample collection was/is conducted.]]></toolTip>
<showLabel>true</showLabel>
<showInGrid>false</showInGrid>
<hidden>false</hidden>
<options>
<option>
<value><![CDATA[Routine health care setting]]></value>
</option>
<option>
<value><![CDATA[Clinical trial]]></value>
</option>
<option>
<value><![CDATA[Research study]]></value>
</option>
<option>
<value><![CDATA[Public health/population based study]]></value>
</option>
<option>
<value><![CDATA[Museum and/or archeological collection]]></value>
</option>
<option>
<value><![CDATA[Environment]]></value>
</option>
<option>
<value><![CDATA[Unknown]]></value>
</option>
<option>
<value><![CDATA[Other]]></value>
</option>
</options>
<optionsPerRow>3</optionsPerRow>
</checkBox>
</row>
<row>
<textField>
<name>sample_collection_setting_if_other_please_specify</name>
<udn>sample_collection_setting_if_other_please_specify</udn>
<caption><![CDATA[Sample collection setting, if other please specify]]></caption>
<phi>false</phi>
<mandatory>false</mandatory>
<toolTip><![CDATA[]]></toolTip>
<showLabel>true</showLabel>
<showInGrid>false</showInGrid>
<hidden>false</hidden>
<width>0</width>
<defaultValue><![CDATA[]]></defaultValue>
<url>false</url>
<password>false</password>
</textField>
</row>
<row>
<checkBox>
<name>research_resource_design_miabis_researchproject_18</name>
<udn>research_resource_design_miabis_researchproject_18</udn>
<caption><![CDATA[Research Resource design (MIABIS-RESEARCHPROJECT-18)]]></caption>
<phi>false</phi>
<mandatory>false</mandatory>
<toolTip><![CDATA[The overall design of the collection that explains how the collection was/is built up.]]></toolTip>
<showLabel>true</showLabel>
<showInGrid>false</showInGrid>
<hidden>false</hidden>
<options>
<optionsFile>research_resource_design_miabis_researchproject_18.csv</optionsFile>
</options>
<optionsPerRow>3</optionsPerRow>
</checkBox>
</row>
<row>
<textField>
<name>research_resource_design_if_other_please_specify</name>
<udn>research_resource_design_if_other_please_specify</udn>
<caption><![CDATA[Research Resource design, if other please specify]]></caption>
<phi>false</phi>
<mandatory>false</mandatory>
<toolTip><![CDATA[]]></toolTip>
<showLabel>true</showLabel>
<showInGrid>false</showInGrid>
<hidden>false</hidden>
<width>0</width>
<defaultValue><![CDATA[]]></defaultValue>
<url>false</url>
<password>false</password>
</textField>
</row>
<row>
<checkBox>
<name>use_access_conditions_miabis_researchproject_19</name>
<udn>use_access_conditions_miabis_researchproject_19</udn>
<caption><![CDATA[Use & Access conditions (MIABIS-RESEARCHPROJECT-19)]]></caption>
<phi>false</phi>
<mandatory>false</mandatory>
<toolTip><![CDATA[The conditions that may change the availability of the samples/data in the collection.]]></toolTip>
<showLabel>true</showLabel>
<showInGrid>false</showInGrid>
<hidden>false</hidden>
<options>
<option>
<value><![CDATA[Commercial use]]></value>
</option>
<option>
<value><![CDATA[Collaboration]]></value>
</option>
<option>
<value><![CDATA[Specific research use]]></value>
</option>
<option>
<value><![CDATA[Genetic data use]]></value>
</option>
<option>
<value><![CDATA[Outside EU access]]></value>
</option>
<option>
<value><![CDATA[Xenograft]]></value>
</option>
<option>
<value><![CDATA[Other animal work]]></value>
</option>
<option>
<value><![CDATA[Other]]></value>
</option>
</options>
<optionsPerRow>3</optionsPerRow>
</checkBox>
</row>
<row>
<textField>
<name>use_access_conditions_if_other_please_specify</name>
<udn>use_access_conditions_if_other_please_specify</udn>
<caption><![CDATA[Use & Access Conditions, if other please specify]]></caption>
<phi>false</phi>
<mandatory>false</mandatory>
<toolTip><![CDATA[]]></toolTip>
<showLabel>true</showLabel>
<showInGrid>false</showInGrid>
<hidden>false</hidden>
<width>0</width>
<defaultValue><![CDATA[]]></defaultValue>
<url>false</url>
<password>false</password>
</textField>
</row>
<row>
<radioButton>
<name>research_resource_status_miabis_researchproject_20</name>
<udn>research_resource_status_miabis_researchproject_20</udn>
<caption><![CDATA[Research Resource status (MIABIS-RESEARCHPROJECT-20)]]></caption>
<phi>false</phi>
<mandatory>false</mandatory>
<toolTip><![CDATA[The state of the Research Resource functions.]]></toolTip>
<showLabel>true</showLabel>
<showInGrid>false</showInGrid>
<hidden>false</hidden>
<options>
<option>
<value><![CDATA[Active]]></value>
</option>
<option>
<value><![CDATA[Ended]]></value>
</option>
<option>
<value><![CDATA[Other]]></value>
</option>
</options>
<optionsPerRow>3</optionsPerRow>
</radioButton>
</row>
<row>
<textField>
<name>research_resource_status_if_other_please_specify</name>
<udn>research_resource_status_if_other_please_specify</udn>
<caption><![CDATA[Research Resource status, if other please specify]]></caption>
<phi>false</phi>
<mandatory>false</mandatory>
<toolTip><![CDATA[]]></toolTip>
<showLabel>true</showLabel>
<showInGrid>false</showInGrid>
<hidden>false</hidden>
<width>0</width>
<defaultValue><![CDATA[]]></defaultValue>
<url>false</url>
<password>false</password>
</textField>
</row>
<row>
<numberField>
<name>total_number_of_subjects_miabis_researchproject_21</name>
<udn>total_number_of_subjects_miabis_researchproject_21</udn>
<caption><![CDATA[Total number of subjects (MIABIS-RESEARCHPROJECT-21)]]></caption>
<phi>false</phi>
<mandatory>false</mandatory>
<toolTip><![CDATA[Total number of subjects included in the Research Resource]]></toolTip>
<showLabel>true</showLabel>
<showInGrid>false</showInGrid>
<hidden>false</hidden>
<width>0</width>
<defaultValue><![CDATA[]]></defaultValue>
<noOfDigits>19</noOfDigits>
</numberField>
</row>
<row>
<checkBox>
<name>inclusion_criteria_miabis_researchproject_22</name>
<udn>inclusion_criteria_miabis_researchproject_22</udn>
<caption><![CDATA[Inclusion criteria (MIABIS-RESEARCHPROJECT-22)]]></caption>
<phi>false</phi>
<mandatory>false</mandatory>
<toolTip><![CDATA[Information on type of parameters that determine which subjects will become Research Resource participants.]]></toolTip>
<showLabel>true</showLabel>
<showInGrid>false</showInGrid>
<hidden>false</hidden>
<options>
<optionsFile>inclusion_criteria_miabis_researchproject_22.csv</optionsFile>
</options>
<optionsPerRow>3</optionsPerRow>
</checkBox>
</row>
<row>
<textField>
<name>inclusion_criteria_if_other_please_specify</name>
<udn>inclusion_criteria_if_other_please_specify</udn>
<caption><![CDATA[Inclusion criteria, if other please specify]]></caption>
<phi>false</phi>
<mandatory>false</mandatory>
<toolTip><![CDATA[]]></toolTip>
<showLabel>true</showLabel>
<showInGrid>false</showInGrid>
<hidden>false</hidden>
<width>0</width>
<defaultValue><![CDATA[]]></defaultValue>
<url>false</url>
<password>false</password>
</textField>
</row>
<row>
<textArea>
<name>publications_miabis_researchproject_23</name>
<udn>publications_miabis_researchproject_23</udn>
<caption><![CDATA[Publications (MIABIS-RESEARCHPROJECT-23)]]></caption>
<phi>false</phi>
<mandatory>false</mandatory>
<toolTip><![CDATA[List of key publications produced in the Research Resource (provide DOI’s, if possible)]]></toolTip>
<showLabel>true</showLabel>
<showInGrid>false</showInGrid>
<hidden>false</hidden>
<width>0</width>
<defaultValue><![CDATA[]]></defaultValue>
<height>0</height>
</textArea>
</row>
</view>
<deletedFields>
<field udn="publications"/>
</deletedFields>
<skipRules>
</skipRules>
</form>
